{"errors":[],"warnings":[],"namedChunkGroups":{"app":{"chunks":[14,3],"assets":["webpack-runtime-23e6e06d6e1a8a3373af.js","webpack-runtime-23e6e06d6e1a8a3373af.js.map","app-3bf87d9c5302a45708d7.js","app-3bf87d9c5302a45708d7.js.map"],"children":{},"childAssets":{}},"component---node-modules-gatsby-plugin-offline-app-shell-js":{"chunks":[4],"assets":["component---node-modules-gatsby-plugin-offline-app-shell-js-9f3e12724f989836cccd.js","component---node-modules-gatsby-plugin-offline-app-shell-js-9f3e12724f989836cccd.js.map"],"children":{},"childAssets":{}},"component---src-templates-markdown-post-js":{"chunks":[0,2,1,12],"assets":["0-e12f49dc680382b153e5.js","0-e12f49dc680382b153e5.js.map","2-0d0311b4b8a7ea6e3725.js","2-0d0311b4b8a7ea6e3725.js.map","1.1436611a85dbe0ca1c1b.css","1-4d46b22d9200998a7264.js","1-4d46b22d9200998a7264.js.map","component---src-templates-markdown-post-js-b087ee3a63e7cad815a8.js","component---src-templates-markdown-post-js-b087ee3a63e7cad815a8.js.map"],"children":{},"childAssets":{}},"component---src-pages-404-js":{"chunks":[0,1,5],"assets":["0-e12f49dc680382b153e5.js","0-e12f49dc680382b153e5.js.map","1.1436611a85dbe0ca1c1b.css","1-4d46b22d9200998a7264.js","1-4d46b22d9200998a7264.js.map","component---src-pages-404-js-6c805765f676503a0f86.js","component---src-pages-404-js-6c805765f676503a0f86.js.map"],"children":{},"childAssets":{}},"component---src-pages-api-js":{"chunks":[0,2,1,6],"assets":["0-e12f49dc680382b153e5.js","0-e12f49dc680382b153e5.js.map","2-0d0311b4b8a7ea6e3725.js","2-0d0311b4b8a7ea6e3725.js.map","1.1436611a85dbe0ca1c1b.css","1-4d46b22d9200998a7264.js","1-4d46b22d9200998a7264.js.map","component---src-pages-api-js-36851c91b0e7911bb7c2.js","component---src-pages-api-js-36851c91b0e7911bb7c2.js.map"],"children":{},"childAssets":{}},"component---src-pages-faq-js":{"chunks":[0,2,1,7],"assets":["0-e12f49dc680382b153e5.js","0-e12f49dc680382b153e5.js.map","2-0d0311b4b8a7ea6e3725.js","2-0d0311b4b8a7ea6e3725.js.map","1.1436611a85dbe0ca1c1b.css","1-4d46b22d9200998a7264.js","1-4d46b22d9200998a7264.js.map","component---src-pages-faq-js-bfee9ecc55aefe8c1f9f.js","component---src-pages-faq-js-bfee9ecc55aefe8c1f9f.js.map"],"children":{},"childAssets":{}},"component---src-pages-index-js":{"chunks":[0,2,1,8],"assets":["0-e12f49dc680382b153e5.js","0-e12f49dc680382b153e5.js.map","2-0d0311b4b8a7ea6e3725.js","2-0d0311b4b8a7ea6e3725.js.map","1.1436611a85dbe0ca1c1b.css","1-4d46b22d9200998a7264.js","1-4d46b22d9200998a7264.js.map","component---src-pages-index-js-d3c3ea6ca241868b1ecf.js","component---src-pages-index-js-d3c3ea6ca241868b1ecf.js.map"],"children":{},"childAssets":{}},"component---src-pages-integrations-js":{"chunks":[0,2,1,9],"assets":["0-e12f49dc680382b153e5.js","0-e12f49dc680382b153e5.js.map","2-0d0311b4b8a7ea6e3725.js","2-0d0311b4b8a7ea6e3725.js.map","1.1436611a85dbe0ca1c1b.css","1-4d46b22d9200998a7264.js","1-4d46b22d9200998a7264.js.map","component---src-pages-integrations-js-18ed663a052154e16203.js","component---src-pages-integrations-js-18ed663a052154e16203.js.map"],"children":{},"childAssets":{}},"component---src-pages-setup-js":{"chunks":[0,2,1,10],"assets":["0-e12f49dc680382b153e5.js","0-e12f49dc680382b153e5.js.map","2-0d0311b4b8a7ea6e3725.js","2-0d0311b4b8a7ea6e3725.js.map","1.1436611a85dbe0ca1c1b.css","1-4d46b22d9200998a7264.js","1-4d46b22d9200998a7264.js.map","component---src-pages-setup-js-c52cc911e4be4f5d231f.js","component---src-pages-setup-js-c52cc911e4be4f5d231f.js.map"],"children":{},"childAssets":{}},"component---src-pages-tutorials-js":{"chunks":[0,2,1,11],"assets":["0-e12f49dc680382b153e5.js","0-e12f49dc680382b153e5.js.map","2-0d0311b4b8a7ea6e3725.js","2-0d0311b4b8a7ea6e3725.js.map","1.1436611a85dbe0ca1c1b.css","1-4d46b22d9200998a7264.js","1-4d46b22d9200998a7264.js.map","component---src-pages-tutorials-js-208b494a1479c44053b2.js","component---src-pages-tutorials-js-208b494a1479c44053b2.js.map"],"children":{},"childAssets":{}},"pages-manifest":{"chunks":[13],"assets":["pages-manifest-2d694ed44662a188e97d.js","pages-manifest-2d694ed44662a188e97d.js.map"],"children":{},"childAssets":{}}},"assetsByChunkName":{"app":["webpack-runtime-23e6e06d6e1a8a3373af.js","app-3bf87d9c5302a45708d7.js"],"component---node-modules-gatsby-plugin-offline-app-shell-js":["component---node-modules-gatsby-plugin-offline-app-shell-js-9f3e12724f989836cccd.js"],"component---src-templates-markdown-post-js":["0-e12f49dc680382b153e5.js","2-0d0311b4b8a7ea6e3725.js","1.1436611a85dbe0ca1c1b.css","1-4d46b22d9200998a7264.js","component---src-templates-markdown-post-js-b087ee3a63e7cad815a8.js"],"component---src-pages-404-js":["0-e12f49dc680382b153e5.js","1.1436611a85dbe0ca1c1b.css","1-4d46b22d9200998a7264.js","component---src-pages-404-js-6c805765f676503a0f86.js"],"component---src-pages-api-js":["0-e12f49dc680382b153e5.js","2-0d0311b4b8a7ea6e3725.js","1.1436611a85dbe0ca1c1b.css","1-4d46b22d9200998a7264.js","component---src-pages-api-js-36851c91b0e7911bb7c2.js"],"component---src-pages-faq-js":["0-e12f49dc680382b153e5.js","2-0d0311b4b8a7ea6e3725.js","1.1436611a85dbe0ca1c1b.css","1-4d46b22d9200998a7264.js","component---src-pages-faq-js-bfee9ecc55aefe8c1f9f.js"],"component---src-pages-index-js":["0-e12f49dc680382b153e5.js","2-0d0311b4b8a7ea6e3725.js","1.1436611a85dbe0ca1c1b.css","1-4d46b22d9200998a7264.js","component---src-pages-index-js-d3c3ea6ca241868b1ecf.js"],"component---src-pages-integrations-js":["0-e12f49dc680382b153e5.js","2-0d0311b4b8a7ea6e3725.js","1.1436611a85dbe0ca1c1b.css","1-4d46b22d9200998a7264.js","component---src-pages-integrations-js-18ed663a052154e16203.js"],"component---src-pages-setup-js":["0-e12f49dc680382b153e5.js","2-0d0311b4b8a7ea6e3725.js","1.1436611a85dbe0ca1c1b.css","1-4d46b22d9200998a7264.js","component---src-pages-setup-js-c52cc911e4be4f5d231f.js"],"component---src-pages-tutorials-js":["0-e12f49dc680382b153e5.js","2-0d0311b4b8a7ea6e3725.js","1.1436611a85dbe0ca1c1b.css","1-4d46b22d9200998a7264.js","component---src-pages-tutorials-js-208b494a1479c44053b2.js"],"pages-manifest":["pages-manifest-2d694ed44662a188e97d.js"]}}