{"errors":[],"warnings":[],"namedChunkGroups":{"app":{"chunks":[14,3],"assets":["webpack-runtime-19edf0e9e8a31e4b7036.js","webpack-runtime-19edf0e9e8a31e4b7036.js.map","app-9b9ca727f69849d3be94.js","app-9b9ca727f69849d3be94.js.map"],"children":{},"childAssets":{}},"component---node-modules-gatsby-plugin-offline-app-shell-js":{"chunks":[4],"assets":["component---node-modules-gatsby-plugin-offline-app-shell-js-ea02e30c3a8a496cffc4.js","component---node-modules-gatsby-plugin-offline-app-shell-js-ea02e30c3a8a496cffc4.js.map"],"children":{},"childAssets":{}},"component---src-templates-markdown-post-js":{"chunks":[0,2,1,12],"assets":["0-02232c3f3ff5d6581daa.js","0-02232c3f3ff5d6581daa.js.map","2-aa2bb1a8c59e15778ae5.js","2-aa2bb1a8c59e15778ae5.js.map","1.1436611a85dbe0ca1c1b.css","1-6a026b25d41fd0b2337c.js","1-6a026b25d41fd0b2337c.js.map","component---src-templates-markdown-post-js-30d212a82a314b1ccc02.js","component---src-templates-markdown-post-js-30d212a82a314b1ccc02.js.map"],"children":{},"childAssets":{}},"component---src-pages-404-js":{"chunks":[0,1,5],"assets":["0-02232c3f3ff5d6581daa.js","0-02232c3f3ff5d6581daa.js.map","1.1436611a85dbe0ca1c1b.css","1-6a026b25d41fd0b2337c.js","1-6a026b25d41fd0b2337c.js.map","component---src-pages-404-js-c5e972cca190d8fde8f4.js","component---src-pages-404-js-c5e972cca190d8fde8f4.js.map"],"children":{},"childAssets":{}},"component---src-pages-api-js":{"chunks":[0,2,1,6],"assets":["0-02232c3f3ff5d6581daa.js","0-02232c3f3ff5d6581daa.js.map","2-aa2bb1a8c59e15778ae5.js","2-aa2bb1a8c59e15778ae5.js.map","1.1436611a85dbe0ca1c1b.css","1-6a026b25d41fd0b2337c.js","1-6a026b25d41fd0b2337c.js.map","component---src-pages-api-js-c678c63258baab26ae4e.js","component---src-pages-api-js-c678c63258baab26ae4e.js.map"],"children":{},"childAssets":{}},"component---src-pages-faq-js":{"chunks":[0,2,1,7],"assets":["0-02232c3f3ff5d6581daa.js","0-02232c3f3ff5d6581daa.js.map","2-aa2bb1a8c59e15778ae5.js","2-aa2bb1a8c59e15778ae5.js.map","1.1436611a85dbe0ca1c1b.css","1-6a026b25d41fd0b2337c.js","1-6a026b25d41fd0b2337c.js.map","component---src-pages-faq-js-3663862790d5ed252217.js","component---src-pages-faq-js-3663862790d5ed252217.js.map"],"children":{},"childAssets":{}},"component---src-pages-index-js":{"chunks":[0,2,1,8],"assets":["0-02232c3f3ff5d6581daa.js","0-02232c3f3ff5d6581daa.js.map","2-aa2bb1a8c59e15778ae5.js","2-aa2bb1a8c59e15778ae5.js.map","1.1436611a85dbe0ca1c1b.css","1-6a026b25d41fd0b2337c.js","1-6a026b25d41fd0b2337c.js.map","component---src-pages-index-js-fe3b81e47ce865387755.js","component---src-pages-index-js-fe3b81e47ce865387755.js.map"],"children":{},"childAssets":{}},"component---src-pages-integrations-js":{"chunks":[0,2,1,9],"assets":["0-02232c3f3ff5d6581daa.js","0-02232c3f3ff5d6581daa.js.map","2-aa2bb1a8c59e15778ae5.js","2-aa2bb1a8c59e15778ae5.js.map","1.1436611a85dbe0ca1c1b.css","1-6a026b25d41fd0b2337c.js","1-6a026b25d41fd0b2337c.js.map","component---src-pages-integrations-js-735814ce2f171e7ffb2f.js","component---src-pages-integrations-js-735814ce2f171e7ffb2f.js.map"],"children":{},"childAssets":{}},"component---src-pages-setup-js":{"chunks":[0,2,1,10],"assets":["0-02232c3f3ff5d6581daa.js","0-02232c3f3ff5d6581daa.js.map","2-aa2bb1a8c59e15778ae5.js","2-aa2bb1a8c59e15778ae5.js.map","1.1436611a85dbe0ca1c1b.css","1-6a026b25d41fd0b2337c.js","1-6a026b25d41fd0b2337c.js.map","component---src-pages-setup-js-1dd69fcf09e209cff704.js","component---src-pages-setup-js-1dd69fcf09e209cff704.js.map"],"children":{},"childAssets":{}},"component---src-pages-tutorials-js":{"chunks":[0,2,1,11],"assets":["0-02232c3f3ff5d6581daa.js","0-02232c3f3ff5d6581daa.js.map","2-aa2bb1a8c59e15778ae5.js","2-aa2bb1a8c59e15778ae5.js.map","1.1436611a85dbe0ca1c1b.css","1-6a026b25d41fd0b2337c.js","1-6a026b25d41fd0b2337c.js.map","component---src-pages-tutorials-js-d3ccd5e6024f45426fa2.js","component---src-pages-tutorials-js-d3ccd5e6024f45426fa2.js.map"],"children":{},"childAssets":{}},"pages-manifest":{"chunks":[13],"assets":["pages-manifest-127036c5d6d1ed9e4051.js","pages-manifest-127036c5d6d1ed9e4051.js.map"],"children":{},"childAssets":{}}},"assetsByChunkName":{"app":["webpack-runtime-19edf0e9e8a31e4b7036.js","app-9b9ca727f69849d3be94.js"],"component---node-modules-gatsby-plugin-offline-app-shell-js":["component---node-modules-gatsby-plugin-offline-app-shell-js-ea02e30c3a8a496cffc4.js"],"component---src-templates-markdown-post-js":["0-02232c3f3ff5d6581daa.js","2-aa2bb1a8c59e15778ae5.js","1.1436611a85dbe0ca1c1b.css","1-6a026b25d41fd0b2337c.js","component---src-templates-markdown-post-js-30d212a82a314b1ccc02.js"],"component---src-pages-404-js":["0-02232c3f3ff5d6581daa.js","1.1436611a85dbe0ca1c1b.css","1-6a026b25d41fd0b2337c.js","component---src-pages-404-js-c5e972cca190d8fde8f4.js"],"component---src-pages-api-js":["0-02232c3f3ff5d6581daa.js","2-aa2bb1a8c59e15778ae5.js","1.1436611a85dbe0ca1c1b.css","1-6a026b25d41fd0b2337c.js","component---src-pages-api-js-c678c63258baab26ae4e.js"],"component---src-pages-faq-js":["0-02232c3f3ff5d6581daa.js","2-aa2bb1a8c59e15778ae5.js","1.1436611a85dbe0ca1c1b.css","1-6a026b25d41fd0b2337c.js","component---src-pages-faq-js-3663862790d5ed252217.js"],"component---src-pages-index-js":["0-02232c3f3ff5d6581daa.js","2-aa2bb1a8c59e15778ae5.js","1.1436611a85dbe0ca1c1b.css","1-6a026b25d41fd0b2337c.js","component---src-pages-index-js-fe3b81e47ce865387755.js"],"component---src-pages-integrations-js":["0-02232c3f3ff5d6581daa.js","2-aa2bb1a8c59e15778ae5.js","1.1436611a85dbe0ca1c1b.css","1-6a026b25d41fd0b2337c.js","component---src-pages-integrations-js-735814ce2f171e7ffb2f.js"],"component---src-pages-setup-js":["0-02232c3f3ff5d6581daa.js","2-aa2bb1a8c59e15778ae5.js","1.1436611a85dbe0ca1c1b.css","1-6a026b25d41fd0b2337c.js","component---src-pages-setup-js-1dd69fcf09e209cff704.js"],"component---src-pages-tutorials-js":["0-02232c3f3ff5d6581daa.js","2-aa2bb1a8c59e15778ae5.js","1.1436611a85dbe0ca1c1b.css","1-6a026b25d41fd0b2337c.js","component---src-pages-tutorials-js-d3ccd5e6024f45426fa2.js"],"pages-manifest":["pages-manifest-127036c5d6d1ed9e4051.js"]}}